Workbook
Name Area_day: #REF!
Name In_MBA: #REF!
Name Khac_MBA: #REF!
Name Load_MVAr: [1]MVAr!$C:$T
Name Load_MW: [1]MW!$C:$V
Name Load_Shunt: [1]Shunt!$C:$T
Name maday: #REF!
Name madayamp: #REF!
Name Out_MBA: #REF!
Name TEN: [2]Sheet2!$A$1:$C$65536

Sheet Owners
A1: owner_code | B1: owner_name_en | C1: owner_name_vi
A2: 1
A3: 10 | B3: PTC_1 | C3: Truyền tải điện 1
A4: 20 | B4: PTC_2 | C4: Truyền tải điện 2
A5: 30 | B5: PTC_3 | C5: Truyền tải điện 3
A6: 40 | B6: PTC_4 | C6: Truyền tải điện 4
A7: 50 | B7: 500_KV | C7: Lưới 500kV
A8: 100 | B8: NPC | C8: TCT Điện Lực Miền Bắc
A9: 200 | B9: SPC | C9: TCT Điện Lực Miền Nam
A10: 300 | B10: CPC | C10: TCT Điện Lực Miền Trung
A11: 355
A12: 358
A13: 400 | B13: HA_NOI | C13: TCT Điện Lực Hà Nội
A14: 450
A15: 500 | B15: HCM | C15: TCT Điện Lực TP.HCM
A16: 600 | B16: KH_BAC | C16: Khách hàng 110kV Bắc
A17: 700 | B17: KH_NAM | C17: Khách hàng 110kV Nam
A18: 701
A19: 702
A20: 703
A21: 706
A22: 709
A23: 710
A24: 800 | B24: KH_TRUNG | C24: Khách hàng 110kV Trung
A25: 1000 | B25: THUY_DIEN | C25: Thủy điện
A26: 2000 | B26: ND_THAN | C26: Nhiệt điện than
A27: 2100 | B27: ND SINH KHOI | C27: Nhiệt điện sinh khối
A28: 3000 | B28: TBK_GT | C28: Tuabin khí (dùng khí)
A29: 3100 | B29: TBK_ST | C29: Tuabin khí (đuôi hơi)
A30: 4000 | B30: TB_DAU_GT | C30: Tuabin dầu (dùng khí)
A31: 4100 | B31: TB_DAU_ST | C31: Tuabin dầu (đuôi hơi)
A32: 4200 | B32: ND_DAU | C32: Nhiệt điện dầu (đốt dầu)
A33: 5000 | B33: TDN | C33: Thủy điện nhỏ (<30MW)
A34: 6000 | B34: DIESEL | C34: Nguồn Diesel
A35: 6100 | B35: NGUON_KHAC | C35: Nguồn khác
... A40: 9000 | B40: CAMPUCHIA | C40: Nhập khẩu Campuchia

Sheet Zones
A1: Sym | B1: zone_code | C1: zone_name_en | D1: zone_name_vi
A2: B1 | B2: 150 | C2: HA_NOI | D2: Hà Nội
A3: B2 | B3: 160 | C3: HAI_PHONG | D3: Hải Phòng
A4: B23 | B4: 170 | C4: NINH_BINH | D4: Ninh Bình
A5: B4 | B5: 104 | C5: PHU_THO | D5: Phú Thọ
A6: B5 | B6: 105 | C6: QUANG_NINH | D6: Quảng Ninh
A7: B6 | B7: 106 | C7: THAI_NGUYEN | D7: Thái Nguyên
A8: B27 | B8: 127 | C8: BAC_NINH | D8: Bắc Ninh
A9: B9 | B9: 109 | C9: THANH_HOA | D9: Thanh Hóa
A10: B28 | B10: 128 | C10: HUNG_YEN | D10: Hưng Yên
A11: B20 | B11: 120 | C11: LAO_CAI | D11: Lào Cai
A12: B13 | B12: 113 | C12: LANG_SON | D12: Lạng Sơn
A13: B14 | B13: 114 | C13: TUYEN_QUANG | D13: Tuyên Quang
... A21: TQ | B21: 7000 | C21: TRUNG_QUOC | D21: Trung Quốc
B22: 10 | C22: PTC_1 | D22: Truyền tải 1
B23: 30 | C23: PTC_3
B24: 40 | C24: PTC_4
B25: 50 | C25: 500_KV
B26: 351 | C26: TAY_NINH
B27: 354 | C27: LAM_DONG
B28: 360 | C28: CAN_THO
B29: 363 | C29: AN_GIANG
B30: 365 | C30: VINH_LONG
B31: 367 | C31: DONG_THAP
B32: 369 | C32: CA_MAU
B33: 400 | C33: TP_HCM
B34: 450 | C34: DONG_NAI
... B41: 710 | C41: DAK_LAK
B42: 1600 | C42: KH_BAC | D42: KH_Bắc
B43: 9000 | C43: CAMPUCHIA | D43: Campuchia

Sheet Buses
A1: bus_code | B1: bus_name_vi | C1: TBA_SCADA | D1: Sym | E1: Sym_Tran | F1: Note | G1: Type | H1: Name | I1: Type2 | J1: zone_code | K1: owner_code | M1: Type | N1: Type2 | O1: Type3
A2: 1000 | B2: T110 Đông Anh | C2: TBA 110kV Đông Anh | D2: B1 | E2: E1.1 | F2: =IF(E2<>"","Đã VH","Quy hoạch điện VIII") | G2: =LEFT(B2,FIND(" ",B2,1)-1) | H2: =TRIM(RIGHT(B2,LEN(B2)-FIND(" ",B2,1))) | I2: =_xlfn.XLOOKUP(Table2[[#This Row],[Type]],Table5[Type],Table5[Type2]) | J2: =_xlfn.XLOOKUP(Table2[[#This Row],[Sym]],Zones!$A$2:$A$21,Zones!$B$2:$B$21) | M2: T110 | N2: TBA | O2: TBA 110kV
A3: 1001 | B3: T110 Gia Lâm | C3: TBA 110kV Gia Lâm | D3: B1 | E3: E1.2 | F3: =IF(E3<>"","Đã VH","Quy hoạch điện VIII") | G3: =LEFT(B3,FIND(" ",B3,1)-1) | H3: =TRIM(RIGHT(B3,LEN(B3)-FIND(" ",B3,1))) | I3: =_xlfn.XLOOKUP(Table2[[#This Row],[Type]],Table5[Type],Table5[Type2]) | J3: =_xlfn.XLOOKUP(Table2[[#This Row],[Sym]],Zones!$A$2:$A$21,Zones!$B$2:$B$21) | M3: T220 | N3: TBA | O3: TBA 220kV
A4: 1002 | B4: T220 Mai Động | C4: TBA 220kV Mai Động | D4: B1 | E4: E1.3 | F4: =IF(E4<>"","Đã VH","Quy hoạch điện VIII") | G4: =LEFT(B4,FIND(" ",B4,1)-1) | H4: =TRIM(RIGHT(B4,LEN(B4)-FIND(" ",B4,1))) | I4: =_xlfn.XLOOKUP(Table2[[#This Row],[Type]],Table5[Type],Table5[Type2]) | J4: =_xlfn.XLOOKUP(Table2[[#This Row],[Sym]],Zones!$A$2:$A$21,Zones!$B$2:$B$21) | M4: T500 | N4: TBA | O4: TBA 500kV
A5: 1003 | B5: T220 Hà Đông | C5: TBA 220kV Hà Đông | D5: B1 | E5: E1.4 | F5: =IF(E5<>"","Đã VH","Quy hoạch điện VIII") | G5: =LEFT(B5,FIND(" ",B5,1)-1) | H5: =TRIM(RIGHT(B5,LEN(B5)-FIND(" ",B5,1))) | I5: =_xlfn.XLOOKUP(Table2[[#This Row],[Type]],Table5[Type],Table5[Type2]) | J5: =_xlfn.XLOOKUP(Table2[[#This Row],[Sym]],Zones!$A$2:$A$21,Zones!$B$2:$B$21) | M5: ĐR | N5: NLTT
A6: 1004 | B6: T110 Thượng Đình | C6: TBA 110kV Thượng Đình | D6: B1 | E6: E1.5 | F6: =IF(E6<>"","Đã VH","Quy hoạch điện VIII") | G6: =LEFT(B6,FIND(" ",B6,1)-1) | H6: =TRIM(RIGHT(B6,LEN(B6)-FIND(" ",B6,1))) | I6: =_xlfn.XLOOKUP(Table2[[#This Row],[Type]],Table5[Type],Table5[Type2]) | J6: =_xlfn.XLOOKUP(Table2[[#This Row],[Sym]],Zones!$A$2:$A$21,Zones!$B$2:$B$21) | M6: NĐ | N6: NĐ
A7: 1005 | B7: T220 Chèm | C7: TBA 220kV Chèm | D7: B1 | E7: E1.6 | F7: =IF(E7<>"","Đã VH","Quy hoạch điện VIII") | G7: =LEFT(B7,FIND(" ",B7,1)-1) | H7: =TRIM(RIGHT(B7,LEN(B7)-FIND(" ",B7,1))) | I7: =_xlfn.XLOOKUP(Table2[[#This Row],[Type]],Table5[Type],Table5[Type2]) | J7: =_xlfn.XLOOKUP(Table2[[#This Row],[Sym]],Zones!$A$2:$A$21,Zones!$B$2:$B$21) | M7: LNG | N7: LNG
A8: 1006 | B8: T110 Sơn Tây | C8: TBA 110kV Sơn Tây | D8: B1 | E8: E1.7 | F8: =IF(E8<>"","Đã VH","Quy hoạch điện VIII") | G8: =LEFT(B8,FIND(" ",B8,1)-1) | H8: =TRIM(RIGHT(B8,LEN(B8)-FIND(" ",B8,1))) | I8: =_xlfn.XLOOKUP(Table2[[#This Row],[Type]],Table5[Type],Table5[Type2]) | J8: =_xlfn.XLOOKUP(Table2[[#This Row],[Sym]],Zones!$A$2:$A$21,Zones!$B$2:$B$21) | M8: TĐ | N8: TĐ | O8: NM TĐN
A9: 1007 | B9: T110 Yên Phụ | C9: TBA 110kV Yên Phụ | D9: B1 | E9: E1.8 | F9: =IF(E9<>"","Đã VH","Quy hoạch điện VIII") | G9: =LEFT(B9,FIND(" ",B9,1)-1) | H9: =TRIM(RIGHT(B9,LEN(B9)-FIND(" ",B9,1))) | I9: =_xlfn.XLOOKUP(Table2[[#This Row],[Type]],Table5[Type],Table5[Type2]) | J9: =_xlfn.XLOOKUP(Table2[[#This Row],[Sym]],Zones!$A$2:$A$21,Zones!$B$2:$B$21) | M9: ĐMT | N9: NLTT
A10: 1008 | B10: T110 Nghĩa Đô | C10: TBA 110kV Nghĩa Đô | D10: B1 | E10: E1.9 | F10: =IF(E10<>"","Đã VH","Quy hoạch điện VIII") | G10: =LEFT(B10,FIND(" ",B10,1)-1) | H10: =TRIM(RIGHT(B10,LEN(B10)-FIND(" ",B10,1))) | I10: =_xlfn.XLOOKUP(Table2[[#This Row],[Type]],Table5[Type],Table5[Type2]) | J10: =_xlfn.XLOOKUP(Table2[[#This Row],[Sym]],Zones!$A$2:$A$21,Zones!$B$2:$B$21) | M10: SKMĐ | N10: NLTT
A11: 1009 | B11: T110 Văn Điển | C11: TBA 110kV Văn Điển | D11: B1 | E11: E1.10 | F11: =IF(E11<>"","Đã VH","Quy hoạch điện VIII") | G11: =LEFT(B11,FIND(" ",B11,1)-1) | H11: =TRIM(RIGHT(B11,LEN(B11)-FIND(" ",B11,1))) | I11: =_xlfn.XLOOKUP(Table2[[#This Row],[Type]],Table5[Type],Table5[Type2]) | J11: =_xlfn.XLOOKUP(Table2[[#This Row],[Sym]],Zones!$A$2:$A$21,Zones!$B$2:$B$21) | M11: TĐTN | N11: NLTT
A12: 1010 | B12: T220 Thành Công | C12: TBA 220kV Thành Công | D12: B1 | E12: E1.11 | F12: =IF(E12<>"","Đã VH","Quy hoạch điện VIII") | G12: =LEFT(B12,FIND(" ",B12,1)-1) | H12: =TRIM(RIGHT(B12,LEN(B12)-FIND(" ",B12,1))) | I12: =_xlfn.XLOOKUP(Table2[[#This Row],[Type]],Table5[Type],Table5[Type2]) | J12: =_xlfn.XLOOKUP(Table2[[#This Row],[Sym]],Zones!$A$2:$A$21,Zones!$B$2:$B$21) | M12: Formosa | N12: NĐ
A13: 1011 | B13: T110 Trần Hưng Đạo | C13: TBA 110kV Trần Hưng Đạo | D13: B1 | E13: E1.12 | F13: =IF(E13<>"","Đã VH","Quy hoạch điện VIII") | G13: =LEFT(B13,FIND(" ",B13,1)-1) | H13: =TRIM(RIGHT(B13,LEN(B13)-FIND(" ",B13,1))) | I13: =_xlfn.XLOOKUP(Table2[[#This Row],[Type]],Table5[Type],Table5[Type2]) | J13: =_xlfn.XLOOKUP(Table2[[#This Row],[Sym]],Zones!$A$2:$A$21,Zones!$B$2:$B$21) | M13: ĐSK | N13: NLTT
A14: 1012 | B14: T110 Phương Liệt | C14: TBA 110kV Phương Liệt | D14: B1 | E14: E1.13 | F14: =IF(E14<>"","Đã VH","Quy hoạch điện VIII") | G14: =LEFT(B14,FIND(" ",B14,1)-1) | H14: =TRIM(RIGHT(B14,LEN(B14)-FIND(" ",B14,1))) | I14: =_xlfn.XLOOKUP(Table2[[#This Row],[Type]],Table5[Type],Table5[Type2]) | J14: =_xlfn.XLOOKUP(Table2[[#This Row],[Sym]],Zones!$A$2:$A$21,Zones!$B$2:$B$21) | M14: ĐG | N14: NLTT
A15: 1013 | B15: T110 Giám | C15: TBA 110kV Giám | D15: B1 | E15: E1.14 | F15: =IF(E15<>"","Đã VH","Quy hoạch điện VIII") | G15: =LEFT(B15,FIND(" ",B15,1)-1) | H15: =TRIM(RIGHT(B15,LEN(B15)-FIND(" ",B15,1))) | I15: =_xlfn.XLOOKUP(Table2[[#This Row],[Type]],Table5[Type],Table5[Type2]) | J15: =_xlfn.XLOOKUP(Table2[[#This Row],[Sym]],Zones!$A$2:$A$21,Zones!$B$2:$B$21)
A16: 1014 | B16: T110 Sài Đồng | C16: TBA 110kV Sài Đồng | D16: B1 | E16: E1.15 | F16: =IF(E16<>"","Đã VH","Quy hoạch điện VIII") | G16: =LEFT(B16,FIND(" ",B16,1)-1) | H16: =TRIM(RIGHT(B16,LEN(B16)-FIND(" ",B16,1))) | I16: =_xlfn.XLOOKUP(Table2[[#This Row],[Type]],Table5[Type],Table5[Type2]) | J16: =_xlfn.XLOOKUP(Table2[[#This Row],[Sym]],Zones!$A$2:$A$21,Zones!$B$2:$B$21)
A17: 1015 | B17: T110 Nội Bài | C17: TBA 110kV Nội Bài | D17: B1 | E17: E1.16 | F17: =IF(E17<>"","Đã VH","Quy hoạch điện VIII") | G17: =LEFT(B17,FIND(" ",B17,1)-1) | H17: =TRIM(RIGHT(B17,LEN(B17)-FIND(" ",B17,1))) | I17: =_xlfn.XLOOKUP(Table2[[#This Row],[Type]],Table5[Type],Table5[Type2]) | J17: =_xlfn.XLOOKUP(Table2[[#This Row],[Sym]],Zones!$A$2:$A$21,Zones!$B$2:$B$21)
A18: 1016 | B18: T110 Bắc Thăng Long | C18: TBA 110kV Bắc Thăng Long | D18: B1 | E18: E1.17 | F18: =IF(E18<>"","Đã VH","Quy hoạch điện VIII") | G18: =LEFT(B18,FIND(" ",B18,1)-1) | H18: =TRIM(RIGHT(B18,LEN(B18)-FIND(" ",B18,1))) | I18: =_xlfn.XLOOKUP(Table2[[#This Row],[Type]],Table5[Type],Table5[Type2]) | J18: =_xlfn.XLOOKUP(Table2[[#This Row],[Sym]],Zones!$A$2:$A$21,Zones!$B$2:$B$21)
A19: 1017 | B19: T110 Bờ Hồ | C19: TBA 110kV Bờ Hồ | D19: B1 | E19: E1.18 | F19: =IF(E19<>"","Đã VH","Quy hoạch điện VIII") | G19: =LEFT(B19,FIND(" ",B19,1)-1) | H19: =TRIM(RIGHT(B19,LEN(B19)-FIND(" ",B19,1))) | I19: =_xlfn.XLOOKUP(Table2[[#This Row],[Type]],Table5[Type],Table5[Type2]) | J19: =_xlfn.XLOOKUP(Table2[[#This Row],[Sym]],Zones!$A$2:$A$21,Zones!$B$2:$B$21)
A20: 1018 | B20: T220 Sóc Sơn | C20: TBA 220kV Sóc Sơn | D20: B1 | E20: E1.19 | F20: =IF(E20<>"","Đã VH","Quy hoạch điện VIII") | G20: =LEFT(B20,FIND(" ",B20,1)-1) | H20: =TRIM(RIGHT(B20,LEN(B20)-FIND(" ",B20,1))) | I20: =_xlfn.XLOOKUP(Table2[[#This Row],[Type]],Table5[Type],Table5[Type2]) | J20: =_xlfn.XLOOKUP(Table2[[#This Row],[Sym]],Zones!$A$2:$A$21,Zones!$B$2:$B$21)
A21: 1019 | B21: T110 Thanh Xuân | C21: TBA 110kV Thanh Xuân | D21: B1 | E21: E1.20 | F21: =IF(E21<>"","Đã VH","Quy hoạch điện VIII") | G21: =LEFT(B21,FIND(" ",B21,1)-1) | H21: =TRIM(RIGHT(B21,LEN(B21)-FIND(" ",B21,1))) | I21: =_xlfn.XLOOKUP(Table2[[#This Row],[Type]],Table5[Type],Table5[Type2]) | J21: =_xlfn.XLOOKUP(Table2[[#This Row],[Sym]],Zones!$A$2:$A$21,Zones!$B$2:$B$21)
A22: 1020 | B22: T110 Nhật Tân | C22: TBA 110kV Nhật Tân | D22: B1 | E22: E1.21 | F22: =IF(E22<>"","Đã VH","Quy hoạch điện VIII") | G22: =LEFT(B22,FIND(" ",B22,1)-1) | H22: =TRIM(RIGHT(B22,LEN(B22)-FIND(" ",B22,1))) | I22: =_xlfn.XLOOKUP(Table2[[#This Row],[Type]],Table5[Type],Table5[Type2]) | J22: =_xlfn.XLOOKUP(Table2[[#This Row],[Sym]],Zones!$A$2:$A$21,Zones!$B$2:$B$21)
A23: 1021 | B23: T110 Thanh Nhàn | C23: TBA 110kV Thanh Nhàn | D23: B1 | E23: E1.22 | F23: =IF(E23<>"","Đã VH","Quy hoạch điện VIII") | G23: =LEFT(B23,FIND(" ",B23,1)-1) | H23: =TRIM(RIGHT(B23,LEN(B23)-FIND(" ",B23,1))) | I23: =_xlfn.XLOOKUP(Table2[[#This Row],[Type]],Table5[Type],Table5[Type2]) | J23: =_xlfn.XLOOKUP(Table2[[#This Row],[Sym]],Zones!$A$2:$A$21,Zones!$B$2:$B$21)
A24: 1022 | B24: T220 Vân Trì | C24: TBA 220kV Vân Trì | D24: B1 | E24: E1.23 | F24: =IF(E24<>"","Đã VH","Quy hoạch điện VIII") | G24: =LEFT(B24,FIND(" ",B24,1)-1) | H24: =TRIM(RIGHT(B24,LEN(B24)-FIND(" ",B24,1))) | I24: =_xlfn.XLOOKUP(Table2[[#This Row],[Type]],Table5[Type],Table5[Type2]) | J24: =_xlfn.XLOOKUP(Table2[[#This Row],[Sym]],Zones!$A$2:$A$21,Zones!$B$2:$B$21)
A25: 1023 | B25: T110 Hải Bối | C25: TBA 110kV Hải Bối | D25: B1 | E25: E1.24 | F25: =IF(E25<>"","Đã VH","Quy hoạch điện VIII") | G25: =LEFT(B25,FIND(" ",B25,1)-1) | H25: =TRIM(RIGHT(B25,LEN(B25)-FIND(" ",B25,1))) | I25: =_xlfn.XLOOKUP(Table2[[#This Row],[Type]],Table5[Type],Table5[Type2]) | J25: =_xlfn.XLOOKUP(Table2[[#This Row],[Sym]],Zones!$A$2:$A$21,Zones!$B$2:$B$21)
A26: 1024 | B26: T110 Mỹ Đình | C26: TBA 110kV Mỹ Đình | D26: B1 | E26: E1.25 | F26: =IF(E26<>"","Đã VH","Quy hoạch điện VIII") | G26: =LEFT(B26,FIND(" ",B26,1)-1) | H26: =TRIM(RIGHT(B26,LEN(B26)-FIND(" ",B26,1))) | I26: =_xlfn.XLOOKUP(Table2[[#This Row],[Type]],Table5[Type],Table5[Type2]) | J26: =_xlfn.XLOOKUP(Table2[[#This Row],[Sym]],Zones!$A$2:$A$21,Zones!$B$2:$B$21)
... A72: 1071 | B72: T500 Đông Anh | C72: TBA 500kV Đông Anh | D72: B1 | E72: T500 Đông Anh | F72: =IF(E72<>"","Đã VH","Quy hoạch điện VIII") | G72: =LEFT(B72,FIND(" ",B72,1)-1) | H72: =TRIM(RIGHT(B72,LEN(B72)-FIND(" ",B72,1))) | I72: =_xlfn.XLOOKUP(Table2[[#This Row],[Type]],Table5[Type],Table5[Type2]) | J72: =_xlfn.XLOOKUP(Table2[[#This Row],[Sym]],Zones!$A$2:$A$21,Zones!$B$2:$B$21)
A73: 1072 | B73: T500 Long Biên | C73: TBA 500kV Long Biên | D73: B1 | F73: =IF(E73<>"","Đã VH","Quy hoạch điện VIII") | G73: =LEFT(B73,FIND(" ",B73,1)-1) | H73: =TRIM(RIGHT(B73,LEN(B73)-FIND(" ",B73,1))) | I73: =_xlfn.XLOOKUP(Table2[[#This Row],[Type]],Table5[Type],Table5[Type2]) | J73: =_xlfn.XLOOKUP(Table2[[#This Row],[Sym]],Zones!$A$2:$A$21,Zones!$B$2:$B$21)
A74: 1073 | B74: T500 Sơn Tây | C74: TBA 500kV Sơn Tây | D74: B1 | F74: =IF(E74<>"","Đã VH","Quy hoạch điện VIII") | G74: =LEFT(B74,FIND(" ",B74,1)-1) | H74: =TRIM(RIGHT(B74,LEN(B74)-FIND(" ",B74,1))) | I74: =_xlfn.XLOOKUP(Table2[[#This Row],[Type]],Table5[Type],Table5[Type2]) | J74: =_xlfn.XLOOKUP(Table2[[#This Row],[Sym]],Zones!$A$2:$A$21,Zones!$B$2:$B$21)
A75: 1074 | B75: T500 Nam Hà Nội | C75: TBA 500kV Nam Hà Nội | D75: B1 | F75: =IF(E75<>"","Đã VH","Quy hoạch điện VIII") | G75: =LEFT(B75,FIND(" ",B75,1)-1) | H75: =TRIM(RIGHT(B75,LEN(B75)-FIND(" ",B75,1))) | I75: =_xlfn.XLOOKUP(Table2[[#This Row],[Type]],Table5[Type],Table5[Type2]) | J75: =_xlfn.XLOOKUP(Table2[[#This Row],[Sym]],Zones!$A$2:$A$21,Zones!$B$2:$B$21)
A76: 1075 | B76: T220 Long Biên | C76: TBA 220 KV Long Biên | D76: B1 | E76: E1.45 | F76: =IF(E76<>"","Đã VH","Quy hoạch điện VIII") | G76: =LEFT(B76,FIND(" ",B76,1)-1) | H76: =TRIM(RIGHT(B76,LEN(B76)-FIND(" ",B76,1))) | I76: =_xlfn.XLOOKUP(Table2[[#This Row],[Type]],Table5[Type],Table5[Type2]) | J76: =_xlfn.XLOOKUP(Table2[[#This Row],[Sym]],Zones!$A$2:$A$21,Zones!$B$2:$B$21) | AH76: Đã sửa từ dashboard (TBA 220kV Long Biên ➔ TBA 220 KV Long Biên )
A77: 1076 | B77: T500 Tây Hà Nội | C77: TBA 500kV Tây Hà Nội | D77: B1 | E77: T500 Tây Hà Nội | F77: =IF(E77<>"","Đã VH","Quy hoạch điện VIII") | G77: =LEFT(B77,FIND(" ",B77,1)-1) | H77: =TRIM(RIGHT(B77,LEN(B77)-FIND(" ",B77,1))) | I77: =_xlfn.XLOOKUP(Table2[[#This Row],[Type]],Table5[Type],Table5[Type2]) | J77: =_xlfn.XLOOKUP(Table2[[#This Row],[Sym]],Zones!$A$2:$A$21,Zones!$B$2:$B$21)
A78: 1077 | B78: T220 Đông Anh | C78: TBA 220kV Đông Anh | D78: B1 | F78: =IF(E78<>"","Đã VH","Quy hoạch điện VIII") | G78: =LEFT(B78,FIND(" ",B78,1)-1) | H78: =TRIM(RIGHT(B78,LEN(B78)-FIND(" ",B78,1))) | I78: =_xlfn.XLOOKUP(Table2[[#This Row],[Type]],Table5[Type],Table5[Type2]) | J78: =_xlfn.XLOOKUP(Table2[[#This Row],[Sym]],Zones!$A$2:$A$21,Zones!$B$2:$B$21)
A79: 1078 | B79: T220 Văn Điển | C79: TBA 220kV Văn Điển | D79: B1 | F79: =IF(E79<>"","Đã VH","Quy hoạch điện VIII") | G79: =LEFT(B79,FIND(" ",B79,1)-1) | H79: =TRIM(RIGHT(B79,LEN(B79)-FIND(" ",B79,1))) | I79: =_xlfn.XLOOKUP(Table2[[#This Row],[Type]],Table5[Type],Table5[Type2]) | J79: =_xlfn.XLOOKUP(Table2[[#This Row],[Sym]],Zones!$A$2:$A$21,Zones!$B$2:$B$21)
A80: 1079 | B80: T220 Mê Linh | C80: TBA 220kV Mê Linh | D80: B1 | F80: =IF(E80<>"","Đã VH","Quy hoạch điện VIII") | G80: =LEFT(B80,FIND(" ",B80,1)-1) | H80: =TRIM(RIGHT(B80,LEN(B80)-FIND(" ",B80,1))) | I80: =_xlfn.XLOOKUP(Table2[[#This Row],[Type]],Table5[Type],Table5[Type2]) | J80: =_xlfn.XLOOKUP(Table2[[#This Row],[Sym]],Zones!$A$2:$A$21,Zones!$B$2:$B$21)
A81: 1080 | B81: T220 Ứng Hòa | C81: TBA 220kV Ứng Hòa | D81: B1 | F81: =IF(E81<>"","Đã VH","Quy hoạch điện VIII") | G81: =LEFT(B81,FIND(" ",B81,1)-1) | H81: =TRIM(RIGHT(B81,LEN(B81)-FIND(" ",B81,1))) | I81: =_xlfn.XLOOKUP(Table2[[#This Row],[Type]],Table5[Type],Table5[Type2]) | J81: =_xlfn.XLOOKUP(Table2[[#This Row],[Sym]],Zones!$A$2:$A$21,Zones!$B$2:$B$21)
A82: 1081 | B82: T220 Đại Mỗ | C82: TBA 220kV Đại Mỗ | D82: B1 | F82: =IF(E82<>"","Đã VH","Quy hoạch điện VIII") | G82: =LEFT(B82,FIND(" ",B82,1)-1) | H82: =TRIM(RIGHT(B82,LEN(B82)-FIND(" ",B82,1))) | I82: =_xlfn.XLOOKUP(Table2[[#This Row],[Type]],Table5[Type],Table5[Type2]) | J82: =_xlfn.XLOOKUP(Table2[[#This Row],[Sym]],Zones!$A$2:$A$21,Zones!$B$2:$B$21)
A83: 1082 | B83: T220 Đông Anh 2 | C83: TBA 220kV Đông Anh 2 | D83: B1 | F83: =IF(E83<>"","Đã VH","Quy hoạch điện VIII") | G83: =LEFT(B83,FIND(" ",B83,1)-1) | H83: =TRIM(RIGHT(B83,LEN(B83)-FIND(" ",B83,1))) | I83: =_xlfn.XLOOKUP(Table2[[#This Row],[Type]],Table5[Type],Table5[Type2]) | J83: =_xlfn.XLOOKUP(Table2[[#This Row],[Sym]],Zones!$A$2:$A$21,Zones!$B$2:$B$21)
A84: 1083 | B84: T220 Sóc Sơn 2 | C84: TBA 220kV Sóc Sơn 2 | D84: B1 | F84: =IF(E84<>"","Đã VH","Quy hoạch điện VIII") | G84: =LEFT(B84,FIND(" ",B84,1)-1) | H84: =TRIM(RIGHT(B84,LEN(B84)-FIND(" ",B84,1))) | I84: =_xlfn.XLOOKUP(Table2[[#This Row],[Type]],Table5[Type],Table5[Type2]) | J84: =_xlfn.XLOOKUP(Table2[[#This Row],[Sym]],Zones!$A$2:$A$21,Zones!$B$2:$B$21)
A85: 1084 | B85: T220 Long Biên 2 | C85: TBA 220kV Long Biên 2 | D85: B1 | F85: =IF(E85<>"","Đã VH","Quy hoạch điện VIII") | G85: =LEFT(B85,FIND(" ",B85,1)-1) | H85: =TRIM(RIGHT(B85,LEN(B85)-FIND(" ",B85,1))) | I85: =_xlfn.XLOOKUP(Table2[[#This Row],[Type]],Table5[Type],Table5[Type2]) | J85: =_xlfn.XLOOKUP(Table2[[#This Row],[Sym]],Zones!$A$2:$A$21,Zones!$B$2:$B$21)
A86: 1085 | B86: T220 Chương Mỹ | C86: TBA 220kV Chương Mỹ | D86: B1 | F86: =IF(E86<>"","Đã VH","Quy hoạch điện VIII") | G86: =LEFT(B86,FIND(" ",B86,1)-1) | H86: =TRIM(RIGHT(B86,LEN(B86)-FIND(" ",B86,1))) | I86: =_xlfn.XLOOKUP(Table2[[#This Row],[Type]],Table5[Type],Table5[Type2]) | J86: =_xlfn.XLOOKUP(Table2[[#This Row],[Sym]],Zones!$A$2:$A$21,Zones!$B$2:$B$21)
A87: 1086 | B87: T220 Thanh Xuân | C87: TBA 220kV Thanh Xuân | D87: B1 | F87: =IF(E87<>"","Đã VH","Quy hoạch điện VIII") | G87: =LEFT(B87,FIND(" ",B87,1)-1) | H87: =TRIM(RIGHT(B87,LEN(B87)-FIND(" ",B87,1))) | I87: =_xlfn.XLOOKUP(Table2[[#This Row],[Type]],Table5[Type],Table5[Type2]) | J87: =_xlfn.XLOOKUP(Table2[[#This Row],[Sym]],Zones!$A$2:$A$21,Zones!$B$2:$B$21)
A88: 1087 | B88: T110 CNC 2 | C88: TBA 110kV CNC 2 | D88: B1 | E88: E1.73 | F88: =IF(E88<>"","Đã VH","Quy hoạch điện VIII") | G88: =LEFT(B88,FIND(" ",B88,1)-1) | H88: =TRIM(RIGHT(B88,LEN(B88)-FIND(" ",B88,1))) | I88: =_xlfn.XLOOKUP(Table2[[#This Row],[Type]],Table5[Type],Table5[Type2]) | J88: =_xlfn.XLOOKUP(Table2[[#This Row],[Sym]],Zones!$A$2:$A$21,Zones!$B$2:$B$21)
A89: 1088 | B89: T110 Hồng Dương | C89: TBA 110kV Hồng Dương | D89: B1 | E89: E1.71 | F89: =IF(E89<>"","Đã VH","Quy hoạch điện VIII") | G89: =LEFT(B89,FIND(" ",B89,1)-1) | H89: =TRIM(RIGHT(B89,LEN(B89)-FIND(" ",B89,1))) | I89: =_xlfn.XLOOKUP(Table2[[#This Row],[Type]],Table5[Type],Table5[Type2]) | J89: =_xlfn.XLOOKUP(Table2[[#This Row],[Sym]],Zones!$A$2:$A$21,Zones!$B$2:$B$21)
A90: 1089 | B90: T110 Chương Mỹ | C90: TBA 110kV Chương Mỹ | D90: B1 | E90: E1.68 | F90: =IF(E90<>"","Đã VH","Quy hoạch điện VIII") | G90: =LEFT(B90,FIND(" ",B90,1)-1) | H90: =TRIM(RIGHT(B90,LEN(B90)-FIND(" ",B90,1))) | I90: =_xlfn.XLOOKUP(Table2[[#This Row],[Type]],Table5[Type],Table5[Type2]) | J90: =_xlfn.XLOOKUP(Table2[[#This Row],[Sym]],Zones!$A$2:$A$21,Zones!$B$2:$B$21)
A91: 1090 | B91: T110 Kim Chung | C91: TBA 110kV Kim Chung | D91: B1 | E91: E1.72 | F91: =IF(E91<>"","Đã VH","Quy hoạch điện VIII") | G91: =LEFT(B91,FIND(" ",B91,1)-1) | H91: =TRIM(RIGHT(B91,LEN(B91)-FIND(" ",B91,1))) | I91: =_xlfn.XLOOKUP(Table2[[#This Row],[Type]],Table5[Type],Table5[Type2]) | J91: =_xlfn.XLOOKUP(Table2[[#This Row],[Sym]],Zones!$A$2:$A$21,Zones!$B$2:$B$21)
A92: 1091 | B92: T110 Trâu Quỳ | C92: TBA 110kV Trâu Quỳ | D92: B1 | E92: E1.69 | F92: =IF(E92<>"","Đã VH","Quy hoạch điện VIII") | G92: =LEFT(B92,FIND(" ",B92,1)-1) | H92: =TRIM(RIGHT(B92,LEN(B92)-FIND(" ",B92,1))) | I92: =_xlfn.XLOOKUP(Table2[[#This Row],[Type]],Table5[Type],Table5[Type2]) | J92: =_xlfn.XLOOKUP(Table2[[#This Row],[Sym]],Zones!$A$2:$A$21,Zones!$B$2:$B$21)
A93: 1092 | B93: T110 Sóc Sơn 2 | C93: TBA 110kV Sóc Sơn 2 | D93: B1 | E93: E1.78 | F93: =IF(E93<>"","Đã VH","Quy hoạch điện VIII") | G93: =LEFT(B93,FIND(" ",B93,1)-1) | H93: =TRIM(RIGHT(B93,LEN(B93)-FIND(" ",B93,1))) | I93: =_xlfn.XLOOKUP(Table2[[#This Row],[Type]],Table5[Type],Table5[Type2]) | J93: =_xlfn.XLOOKUP(Table2[[#This Row],[Sym]],Zones!$A$2:$A$21,Zones!$B$2:$B$21)
A94: 1093 | B94: T110 Phú Lương | C94: TBA 110kV Phú Lương | D94: B1 | F94: =IF(E94<>"","Đã VH","Quy hoạch điện VIII") | G94: =LEFT(B94,FIND(" ",B94,1)-1) | H94: =TRIM(RIGHT(B94,LEN(B94)-FIND(" ",B94,1))) | I94: =_xlfn.XLOOKUP(Table2[[#This Row],[Type]],Table5[Type],Table5[Type2]) | J94: =_xlfn.XLOOKUP(Table2[[#This Row],[Sym]],Zones!$A$2:$A$21,Zones!$B$2:$B$21)
A95: 1094 | B95: T110 Đại Kim | C95: TBA 110kV Đại Kim | D95: B1 | E95: E1.76 | F95: =IF(E95<>"","Đã VH","Quy hoạch điện VIII") | G95: =LEFT(B95,FIND(" ",B95,1)-1) | H95: =TRIM(RIGHT(B95,LEN(B95)-FIND(" ",B95,1))) | I95: =_xlfn.XLOOKUP(Table2[[#This Row],[Type]],Table5[Type],Table5[Type2]) | J95: =_xlfn.XLOOKUP(Table2[[#This Row],[Sym]],Zones!$A$2:$A$21,Zones!$B$2:$B$21)
A96: 1095 | B96: T110 Ba Vì 2 | C96: TBA 110kV Ba Vì 2 | D96: B1 | F96: =IF(E96<>"","Đã VH","Quy hoạch điện VIII") | G96: =LEFT(B96,FIND(" ",B96,1)-1) | H96: =TRIM(RIGHT(B96,LEN(B96)-FIND(" ",B96,1))) | I96: =_xlfn.XLOOKUP(Table2[[#This Row],[Type]],Table5[Type],Table5[Type2]) | J96: =_xlfn.XLOOKUP(Table2[[#This Row],[Sym]],Zones!$A$2:$A$21,Zones!$B$2:$B$21)
A97: 1096 | B97: T110 Nam An Khánh | C97: TBA 110kV Nam An Khánh | D97: B1 | F97: =IF(E97<>"","Đã VH","Quy hoạch điện VIII") | G97: =LEFT(B97,FIND(" ",B97,1)-1) | H97: =TRIM(RIGHT(B97,LEN(B97)-FIND(" ",B97,1))) | I97: =_xlfn.XLOOKUP(Table2[[#This Row],[Type]],Table5[Type],Table5[Type2]) | J97: =_xlfn.XLOOKUP(Table2[[#This Row],[Sym]],Zones!$A$2:$A$21,Zones!$B$2:$B$21)
A98: 1097 | B98: T110 Ngọc Thụy | C98: TBA 110kV Ngọc Thụy | D98: B1 | E98: E1.79 | F98: =IF(E98<>"","Đã VH","Quy hoạch điện VIII") | G98: =LEFT(B98,FIND(" ",B98,1)-1) | H98: =TRIM(RIGHT(B98,LEN(B98)-FIND(" ",B98,1))) | I98: =_xlfn.XLOOKUP(Table2[[#This Row],[Type]],Table5[Type],Table5[Type2]) | J98: =_xlfn.XLOOKUP(Table2[[#This Row],[Sym]],Zones!$A$2:$A$21,Zones!$B$2:$B$21)
A99: 1098 | B99: T110 Thạch Thất | C99: TBA 110kV Thạch Thất | D99: B1 | F99: =IF(E99<>"","Đã VH","Quy hoạch điện VIII") | G99: =LEFT(B99,FIND(" ",B99,1)-1) | H99: =TRIM(RIGHT(B99,LEN(B99)-FIND(" ",B99,1))) | I99: =_xlfn.XLOOKUP(Table2[[#This Row],[Type]],Table5[Type],Table5[Type2]) | J99: =_xlfn.XLOOKUP(Table2[[#This Row],[Sym]],Zones!$A$2:$A$21,Zones!$B$2:$B$21)
A100: 1099 | B100: T110 Phú Cát | C100: TBA 110kV Phú Cát | D100: B1 | F100: =IF(E100<>"","Đã VH","Quy hoạch điện VIII") | G100: =LEFT(B100,FIND(" ",B100,1)-1) | H100: =TRIM(RIGHT(B100,LEN(B100)-FIND(" ",B100,1))) | I100: =_xlfn.XLOOKUP(Table2[[#This Row],[Type]],Table5[Type],Table5[Type2]) | J100: =_xlfn.XLOOKUP(Table2[[#This Row],[Sym]],Zones!$A$2:$A$21,Zones!$B$2:$B$21)
A101: 1100 | B101: ĐR Seraphin | C101: Seraphin | D101: B1 | E101: A1.60 | F101: =IF(E101<>"","Đã VH","Quy hoạch điện VIII") | G101: =LEFT(B101,FIND(" ",B101,1)-1) | H101: =TRIM(RIGHT(B101,LEN(B101)-FIND(" ",B101,1))) | I101: =_xlfn.XLOOKUP(Table2[[#This Row],[Type]],Table5[Type],Table5[Type2]) | J101: =_xlfn.XLOOKUP(Table2[[#This Row],[Sym]],Zones!$A$2:$A$21,Zones!$B$2:$B$21)
A102: 1101 | B102: T110 Mê Linh 2 | C102: TBA 110kV Mê Linh 2 | D102: B1 | F102: =IF(E102<>"","Đã VH","Quy hoạch điện VIII") | G102: =LEFT(B102,FIND(" ",B102,1)-1) | H102: =TRIM(RIGHT(B102,LEN(B102)-FIND(" ",B102,1))) | I102: =_xlfn.XLOOKUP(Table2[[#This Row],[Type]],Table5[Type],Table5[Type2]) | J102: =_xlfn.XLOOKUP(Table2[[#This Row],[Sym]],Zones!$A$2:$A$21,Zones!$B$2:$B$21)
A103: 1102 | B103: T110 Đông Dư | C103: TBA 110kV Đông Dư | D103: B1 | F103: =IF(E103<>"","Đã VH","Quy hoạch điện VIII") | G103: =LEFT(B103,FIND(" ",B103,1)-1) | H103: =TRIM(RIGHT(B103,LEN(B103)-FIND(" ",B103,1))) | I103: =_xlfn.XLOOKUP(Table2[[#This Row],[Type]],Table5[Type],Table5[Type2]) | J103: =_xlfn.XLOOKUP(Table2[[#This Row],[Sym]],Zones!$A$2:$A$21,Zones!$B$2:$B$21)
A104: 1103 | B104: T110 Phù Đổng | C104: TBA 110kV Phù Đổng | D104: B1 | F104: =IF(E104<>"","Đã VH","Quy hoạch điện VIII") | G104: =LEFT(B104,FIND(" ",B104,1)-1) | H104: =TRIM(RIGHT(B104,LEN(B104)-FIND(" ",B104,1))) | I104: =_xlfn.XLOOKUP(Table2[[#This Row],[Type]],Table5[Type],Table5[Type2]) | J104: =_xlfn.XLOOKUP(Table2[[#This Row],[Sym]],Zones!$A$2:$A$21,Zones!$B$2:$B$21)
A105: 1104 | B105: T110 Thanh Hà | C105: TBA 110kV Thanh Hà | D105: B1 | F105: =IF(E105<>"","Đã VH","Quy hoạch điện VIII") | G105: =LEFT(B105,FIND(" ",B105,1)-1) | H105: =TRIM(RIGHT(B105,LEN(B105)-FIND(" ",B105,1))) | I105: =_xlfn.XLOOKUP(Table2[[#This Row],[Type]],Table5[Type],Table5[Type2]) | J105: =_xlfn.XLOOKUP(Table2[[#This Row],[Sym]],Zones!$A$2:$A$21,Zones!$B$2:$B$21)
A106: 1105 | B106: T110 Hoài Đức | C106: TBA 110kV Hoài Đức | D106: B1 | F106: =IF(E106<>"","Đã VH","Quy hoạch điện VIII") | G106: =LEFT(B106,FIND(" ",B106,1)-1) | H106: =TRIM(RIGHT(B106,LEN(B106)-FIND(" ",B106,1))) | I106: =_xlfn.XLOOKUP(Table2[[#This Row],[Type]],Table5[Type],Table5[Type2]) | J106: =_xlfn.XLOOKUP(Table2[[#This Row],[Sym]],Zones!$A$2:$A$21,Zones!$B$2:$B$21)
A107: 1106 | B107: T110 Hà Đông 2 | C107: TBA 110kV Hà Đông 2 | D107: B1 | F107: =IF(E107<>"","Đã VH","Quy hoạch điện VIII") | G107: =LEFT(B107,FIND(" ",B107,1)-1) | H107: =TRIM(RIGHT(B107,LEN(B107)-FIND(" ",B107,1))) | I107: =_xlfn.XLOOKUP(Table2[[#This Row],[Type]],Table5[Type],Table5[Type2]) | J107: =_xlfn.XLOOKUP(Table2[[#This Row],[Sym]],Zones!$A$2:$A$21,Zones!$B$2:$B$21)
A108: 1107 | B108: T110 ĐH Quốc Gia | C108: TBA 110kV ĐH Quốc Gia | D108: B1 | F108: =IF(E108<>"","Đã VH","Quy hoạch điện VIII") | G108: =LEFT(B108,FIND(" ",B108,1)-1) | H108: =TRIM(RIGHT(B108,LEN(B108)-FIND(" ",B108,1))) | I108: =_xlfn.XLOOKUP(Table2[[#This Row],[Type]],Table5[Type],Table5[Type2]) | J108: =_xlfn.XLOOKUP(Table2[[#This Row],[Sym]],Zones!$A$2:$A$21,Zones!$B$2:$B$21)
A109: 1108 | B109: T110 Hoàng Mai | C109: TBA 110kV Hoàng Mai | D109: B1 | F109: =IF(E109<>"","Đã VH","Quy hoạch điện VIII") | G109: =LEFT(B109,FIND(" ",B109,1)-1) | H109: =TRIM(RIGHT(B109,LEN(B109)-FIND(" ",B109,1))) | I109: =_xlfn.XLOOKUP(Table2[[#This Row],[Type]],Table5[Type],Table5[Type2]) | J109: =_xlfn.XLOOKUP(Table2[[#This Row],[Sym]],Zones!$A$2:$A$21,Zones!$B$2:$B$21)
A110: 1109 | B110: T110 Phúc Thọ 2 | C110: TBA 110kV Phúc Thọ 2 | D110: B1 | F110: =IF(E110<>"","Đã VH","Quy hoạch điện VIII") | G110: =LEFT(B110,FIND(" ",B110,1)-1) | H110: =TRIM(RIGHT(B110,LEN(B110)-FIND(" ",B110,1))) | I110: =_xlfn.XLOOKUP(Table2[[#This Row],[Type]],Table5[Type],Table5[Type2]) | J110: =_xlfn.XLOOKUP(Table2[[#This Row],[Sym]],Zones!$A$2:$A$21,Zones!$B$2:$B$21)
A111: 1110 | B111: T110 Sóc Sơn 3 | C111: TBA 110kV Sóc Sơn 3 | D111: B1 | F111: =IF(E111<>"","Đã VH","Quy hoạch điện VIII") | G111: =LEFT(B111,FIND(" ",B111,1)-1) | H111: =TRIM(RIGHT(B111,LEN(B111)-FIND(" ",B111,1))) | I111: =_xlfn.XLOOKUP(Table2[[#This Row],[Type]],Table5[Type],Table5[Type2]) | J111: =_xlfn.XLOOKUP(Table2[[#This Row],[Sym]],Zones!$A$2:$A$21,Zones!$B$2:$B$21)
A112: 1111 | B112: T110 Đan Phượng | C112: TBA 110kV Đan Phượng | D112: B1 | F112: =IF(E112<>"","Đã VH","Quy hoạch điện VIII") | G112: =LEFT(B112,FIND(" ",B112,1)-1) | H112: =TRIM(RIGHT(B112,LEN(B112)-FIND(" ",B112,1))) | I112: =_xlfn.XLOOKUP(Table2[[#This Row],[Type]],Table5[Type],Table5[Type2]) | J112: =_xlfn.XLOOKUP(Table2[[#This Row],[Sym]],Zones!$A$2:$A$21,Zones!$B$2:$B$21)
A113: 1112 | B113: T110 Vân Nội | C113: TBA 110kV Vân Nội | D113: B1 | F113: =IF(E113<>"","Đã VH","Quy hoạch điện VIII") | G113: =LEFT(B113,FIND(" ",B113,1)-1) | H113: =TRIM(RIGHT(B113,LEN(B113)-FIND(" ",B113,1))) | I113: =_xlfn.XLOOKUP(Table2[[#This Row],[Type]],Table5[Type],Table5[Type2]) | J113: =_xlfn.XLOOKUP(Table2[[#This Row],[Sym]],Zones!$A$2:$A$21,Zones!$B$2:$B$21)
... A132: 1131 | B132: T110 Yên Viên | C132: TBA 110kV Yên Viên | D132: B1 | F132: =IF(E132<>"","Đã VH","Quy hoạch điện VIII") | G132: =LEFT(B132,FIND(" ",B132,1)-1) | H132: =TRIM(RIGHT(B132,LEN(B132)-FIND(" ",B132,1))) | I132: =_xlfn.XLOOKUP(Table2[[#This Row],[Type]],Table5[Type],Table5[Type2]) | J132: =_xlfn.XLOOKUP(Table2[[#This Row],[Sym]],Zones!$A$2:$A$21,Zones!$B$2:$B$21)
A133: 1260 | B133: T220 Đồng Hòa | C133: TBA 220kV Đồng Hòa | D133: B2 | E133: E2.1 | F133: =IF(E133<>"","Đã VH","Quy hoạch điện VIII") | G133: =LEFT(B133,FIND(" ",B133,1)-1) | H133: =TRIM(RIGHT(B133,LEN(B133)-FIND(" ",B133,1))) | I133: =_xlfn.XLOOKUP(Table2[[#This Row],[Type]],Table5[Type],Table5[Type2]) | J133: =_xlfn.XLOOKUP(Table2[[#This Row],[Sym]],Zones!$A$2:$A$21,Zones!$B$2:$B$21)
A134: 1261 | B134: T110 An Lạc | C134: TBA 110kV An Lạc | D134: B2 | E134: E2.2 | F134: =IF(E134<>"","Đã VH","Quy hoạch điện VIII") | G134: =LEFT(B134,FIND(" ",B134,1)-1) | H134: =TRIM(RIGHT(B134,LEN(B134)-FIND(" ",B134,1))) | I134: =_xlfn.XLOOKUP(Table2[[#This Row],[Type]],Table5[Type],Table5[Type2]) | J134: =_xlfn.XLOOKUP(Table2[[#This Row],[Sym]],Zones!$A$2:$A$21,Zones!$B$2:$B$21)
A135: 1262 | B135: T110 Lạch Tray | C135: TBA 110kV Lạch Tray | D135: B2 | E135: E2.3 | F135: =IF(E135<>"","Đã VH","Quy hoạch điện VIII") | G135: =LEFT(B135,FIND(" ",B135,1)-1) | H135: =TRIM(RIGHT(B135,LEN(B135)-FIND(" ",B135,1))) | I135: =_xlfn.XLOOKUP(Table2[[#This Row],[Type]],Table5[Type],Table5[Type2]) | J135: =_xlfn.XLOOKUP(Table2[[#This Row],[Sym]],Zones!$A$2:$A$21,Zones!$B$2:$B$21)
A136: 1263 | B136: T110 Thủy Nguyên 1 | C136: TBA 110kV Thủy Nguyên 1 | D136: B2 | E136: E2.4 | F136: =IF(E136<>"","Đã VH","Quy hoạch điện VIII") | G136: =LEFT(B136,FIND(" ",B136,1)-1) | H136: =TRIM(RIGHT(B136,LEN(B136)-FIND(" ",B136,1))) | I136: =_xlfn.XLOOKUP(Table2[[#This Row],[Type]],Table5[Type],Table5[Type2]) | J136: =_xlfn.XLOOKUP(Table2[[#This Row],[Sym]],Zones!$A$2:$A$21,Zones!$B$2:$B$21)
A137: 1264 | B137: T110 Cửa Cấm | C137: TBA 110kV Cửa Cấm | D137: B2 | E137: E2.5 | F137: =IF(E137<>"","Đã VH","Quy hoạch điện VIII") | G137: =LEFT(B137,FIND(" ",B137,1)-1) | H137: =TRIM(RIGHT(B137,LEN(B137)-FIND(" ",B137,1))) | I137: =_xlfn.XLOOKUP(Table2[[#This Row],[Type]],Table5[Type],Table5[Type2]) | J137: =_xlfn.XLOOKUP(Table2[[#This Row],[Sym]],Zones!$A$2:$A$21,Zones!$B$2:$B$21)
A138: 1265 | B138: T110 Hạ Lý | C138: TBA 110kV Hạ Lý | D138: B2 | E138: E2.6 | F138: =IF(E138<>"","Đã VH","Quy hoạch điện VIII") | G138: =LEFT(B138,FIND(" ",B138,1)-1) | H138: =TRIM(RIGHT(B138,LEN(B138)-FIND(" ",B138,1))) | I138: =_xlfn.XLOOKUP(Table2[[#This Row],[Type]],Table5[Type],Table5[Type2]) | J138: =_xlfn.XLOOKUP(Table2[[#This Row],[Sym]],Zones!$A$2:$A$21,Zones!$B$2:$B$21)
A139: 1266 | B139: T110 Thép Posco | C139: TBA 110kV Thép Posco | D139: B2 | E139: E2.7 | F139: =IF(E139<>"","Đã VH","Quy hoạch điện VIII") | G139: =LEFT(B139,FIND(" ",B139,1)-1) | H139: =TRIM(RIGHT(B139,LEN(B139)-FIND(" ",B139,1))) | I139: =_xlfn.XLOOKUP(Table2[[#This Row],[Type]],Table5[Type],Table5[Type2]) | J139: =_xlfn.XLOOKUP(Table2[[#This Row],[Sym]],Zones!$A$2:$A$21,Zones!$B$2:$B$21)
A140: 1267 | B140: T110 XM Chinfon | C140: TBA 110kV XM Chinfon | D140: B2 | E140: E2.8 | F140: =IF(E140<>"","Đã VH","Quy hoạch điện VIII") | G140: =LEFT(B140,FIND(" ",B140,1)-1) | H140: =TRIM(RIGHT(B140,LEN(B140)-FIND(" ",B140,1))) | I140: =_xlfn.XLOOKUP(Table2[[#This Row],[Type]],Table5[Type],Table5[Type2]) | J140: =_xlfn.XLOOKUP(Table2[[#This Row],[Sym]],Zones!$A$2:$A$21,Zones!$B$2:$B$21)
A141: 1268 | B141: T220 Vật Cách | C141: TBA 220kV Vật Cách | D141: B2 | E141: E2.9 | F141: =IF(E141<>"","Đã VH","Quy hoạch điện VIII") | G141: =LEFT(B141,FIND(" ",B141,1)-1) | H141: =TRIM(RIGHT(B141,LEN(B141)-FIND(" ",B141,1))) | I141: =_xlfn.XLOOKUP(Table2[[#This Row],[Type]],Table5[Type],Table5[Type2]) | J141: =_xlfn.XLOOKUP(Table2[[#This Row],[Sym]],Zones!$A$2:$A$21,Zones!$B$2:$B$21)
A142: 1269 | B142: T110 Vĩnh Bảo | C142: TBA 110kV Vĩnh Bảo | D142: B2 | E142: E2.10 | F142: =IF(E142<>"","Đã VH","Quy hoạch điện VIII") | G142: =LEFT(B142,FIND(" ",B142,1)-1) | H142: =TRIM(RIGHT(B142,LEN(B142)-FIND(" ",B142,1))) | I142: =_xlfn.XLOOKUP(Table2[[#This Row],[Type]],Table5[Type],Table5[Type2]) | J142: =_xlfn.XLOOKUP(Table2[[#This Row],[Sym]],Zones!$A$2:$A$21,Zones!$B$2:$B$21)
A143: 1270 | B143: T110 Thủy Nguyên 2 | C143: TBA 110kV Thủy Nguyên 2 | D143: B2 | E143: E2.11 | F143: =IF(E143<>"","Đã VH","Quy hoạch điện VIII") | G143: =LEFT(B143,FIND(" ",B143,1)-1) | H143: =TRIM(RIGHT(B143,LEN(B143)-FIND(" ",B143,1))) | I143: =_xlfn.XLOOKUP(Table2[[#This Row],[Type]],Table5[Type],Table5[Type2]) | J143: =_xlfn.XLOOKUP(Table2[[#This Row],[Sym]],Zones!$A$2:$A$21,Zones!$B$2:$B$21)
A144: 1271 | B144: T110 Lê Chân | C144: TBA 110kV Lê Chân | D144: B2 | E144: E2.12 | F144: =IF(E144<>"","Đã VH","Quy hoạch điện VIII") | G144: =LEFT(B144,FIND(" ",B144,1)-1) | H144: =TRIM(RIGHT(B144,LEN(B144)-FIND(" ",B144,1))) | I144: =_xlfn.XLOOKUP(Table2[[#This Row],[Type]],Table5[Type],Table5[Type2]) | J144: =_xlfn.XLOOKUP(Table2[[#This Row],[Sym]],Zones!$A$2:$A$21,Zones!$B$2:$B$21)
... A166: 1293 | B166: T110 LG Display | C166: TBA 110kV LG Display | D166: B2 | E166: E2.33 | F166: =IF(E166<>"","Đã VH","Quy hoạch điện VIII") | G166: =LEFT(B166,FIND(" ",B166,1)-1) | H166: =TRIM(RIGHT(B166,LEN(B166)-FIND(" ",B166,1))) | I166: =_xlfn.XLOOKUP(Table2[[#This Row],[Type]],Table5[Type],Table5[Type2]) | J166: =_xlfn.XLOOKUP(Table2[[#This Row],[Sym]],Zones!$A$2:$A$21,Zones!$B$2:$B$21)
A167: 1294 | B167: T110 Cầu Cựu | C167: TBA 110kV Cầu Cựu | D167: B2 | F167: =IF(E167<>"","Đã VH","Quy hoạch điện VIII") | G167: =LEFT(B167,FIND(" ",B167,1)-1) | H167: =TRIM(RIGHT(B167,LEN(B167)-FIND(" ",B167,1))) | I167: =_xlfn.XLOOKUP(Table2[[#This Row],[Type]],Table5[Type],Table5[Type2]) | J167: =_xlfn.XLOOKUP(Table2[[#This Row],[Sym]],Zones!$A$2:$A$21,Zones!$B$2:$B$21)
A168: 1295 | B168: T110 Quán Trữ | C168: TBA 110kV Quán Trữ | D168: B2 | E168: E2.36 | F168: =IF(E168<>"","Đã VH","Quy hoạch điện VIII") | G168: =LEFT(B168,FIND(" ",B168,1)-1) | H168: =TRIM(RIGHT(B168,LEN(B168)-FIND(" ",B168,1))) | I168: =_xlfn.XLOOKUP(Table2[[#This Row],[Type]],Table5[Type],Table5[Type2]) | J168: =_xlfn.XLOOKUP(Table2[[#This Row],[Sym]],Zones!$A$2:$A$21,Zones!$B$2:$B$21)
A169: 1296 | B169: NĐ Hải Phòng III | C169: Hải Phòng III | D169: B2 | F169: =IF(E169<>"","Đã VH","Quy hoạch điện VIII") | G169: =LEFT(B169,FIND(" ",B169,1)-1) | H169: =TRIM(RIGHT(B169,LEN(B169)-FIND(" ",B169,1))) | I169: =_xlfn.XLOOKUP(Table2[[#This Row],[Type]],Table5[Type],Table5[Type2]) | J169: =_xlfn.XLOOKUP(Table2[[#This Row],[Sym]],Zones!$A$2:$A$21,Zones!$B$2:$B$21)
A170: 1297 | B170: T110 Đồng Bài | C170: TBA 110kV Đồng Bài | D170: B2 | E170: E2.37 | F170: =IF(E170<>"","Đã VH","Quy hoạch điện VIII") | G170: =LEFT(B170,FIND(" ",B170,1)-1) | H170: =TRIM(RIGHT(B170,LEN(B170)-FIND(" ",B170,1))) | I170: =_xlfn.XLOOKUP(Table2[[#This Row],[Type]],Table5[Type],Table5[Type2]) | J170: =_xlfn.XLOOKUP(Table2[[#This Row],[Sym]],Zones!$A$2:$A$21,Zones!$B$2:$B$21)
A171: 1298 | B171: T110 KCN An Dương | C171: TBA 110kV KCN An Dương | D171: B2 | E171: E2.38 | F171: =IF(E171<>"","Đã VH","Quy hoạch điện VIII") | G171: =LEFT(B171,FIND(" ",B171,1)-1) | H171: =TRIM(RIGHT(B171,LEN(B171)-FIND(" ",B171,1))) | I171: =_xlfn.XLOOKUP(Table2[[#This Row],[Type]],Table5[Type],Table5[Type2]) | J171: =_xlfn.XLOOKUP(Table2[[#This Row],[Sym]],Zones!$A$2:$A$21,Zones!$B$2:$B$21)
A172: 1299 | B172: T110 Flat Glass | C172: TBA 110kV Flat Glass | D172: B2 | E172: E2.39 | F172: =IF(E172<>"","Đã VH","Quy hoạch điện VIII") | G172: =LEFT(B172,FIND(" ",B172,1)-1) | H172: =TRIM(RIGHT(B172,LEN(B172)-FIND(" ",B172,1))) | I172: =_xlfn.XLOOKUP(Table2[[#This Row],[Type]],Table5[Type],Table5[Type2]) | J172: =_xlfn.XLOOKUP(Table2[[#This Row],[Sym]],Zones!$A$2:$A$21,Zones!$B$2:$B$21)
A173: 1300 | B173: T220 Thủy Nguyên | C173: TBA 220kV Thủy Nguyên | D173: B2 | E173: E2.35 | F173: =IF(E173<>"","Đã VH","Quy hoạch điện VIII") | G173: =LEFT(B173,FIND(" ",B173,1)-1) | H173: =TRIM(RIGHT(B173,LEN(B173)-FIND(" ",B173,1))) | I173: =_xlfn.XLOOKUP(Table2[[#This Row],[Type]],Table5[Type],Table5[Type2]) | J173: =_xlfn.XLOOKUP(Table2[[#This Row],[Sym]],Zones!$A$2:$A$21,Zones!$B$2:$B$21)
A174: 1301 | B174: T110 Lưu Kiếm | C174: TBA 110kV Lưu Kiếm | D174: B2 | E174: E2.41 | F174: =IF(E174<>"","Đã VH","Quy hoạch điện VIII") | G174: =LEFT(B174,FIND(" ",B174,1)-1) | H174: =TRIM(RIGHT(B174,LEN(B174)-FIND(" ",B174,1))) | I174: =_xlfn.XLOOKUP(Table2[[#This Row],[Type]],Table5[Type],Table5[Type2]) | J174: =_xlfn.XLOOKUP(Table2[[#This Row],[Sym]],Zones!$A$2:$A$21,Zones!$B$2:$B$21)
A175: 1302 | B175: T110 Bắc Sông Cấm 1 | C175: TBA 110kV Bắc Sông Cấm 1 | D175: B2 | F175: =IF(E175<>"","Đã VH","Quy hoạch điện VIII") | G175: =LEFT(B175,FIND(" ",B175,1)-1) | H175: =TRIM(RIGHT(B175,LEN(B175)-FIND(" ",B175,1))) | I175: =_xlfn.XLOOKUP(Table2[[#This Row],[Type]],Table5[Type],Table5[Type2]) | J175: =_xlfn.XLOOKUP(Table2[[#This Row],[Sym]],Zones!$A$2:$A$21,Zones!$B$2:$B$21)
A176: 1303 | B176: T110 Kiến Thụy | C176: TBA 110kV Kiến Thụy | D176: B2 | E176: E2.46 | F176: =IF(E176<>"","Đã VH","Quy hoạch điện VIII") | G176: =LEFT(B176,FIND(" ",B176,1)-1) | H176: =TRIM(RIGHT(B176,LEN(B176)-FIND(" ",B176,1))) | I176: =_xlfn.XLOOKUP(Table2[[#This Row],[Type]],Table5[Type],Table5[Type2]) | J176: =_xlfn.XLOOKUP(Table2[[#This Row],[Sym]],Zones!$A$2:$A$21,Zones!$B$2:$B$21)
A177: 1304 | B177: T110 An Dương | C177: TBA 110kV An Dương | D177: B2 | E177: E2.44 | F177: =IF(E177<>"","Đã VH","Quy hoạch điện VIII") | G177: =LEFT(B177,FIND(" ",B177,1)-1) | H177: =TRIM(RIGHT(B177,LEN(B177)-FIND(" ",B177,1))) | I177: =_xlfn.XLOOKUP(Table2[[#This Row],[Type]],Table5[Type],Table5[Type2]) | J177: =_xlfn.XLOOKUP(Table2[[#This Row],[Sym]],Zones!$A$2:$A$21,Zones!$B$2:$B$21)
A178: 1305 | B178: T110 KCN Giang Biên 2 | C178: TBA 110kV KCN Giang Biên 2 | D178: B2 | F178: =IF(E178<>"","Đã VH","Quy hoạch điện VIII") | G178: =LEFT(B178,FIND(" ",B178,1)-1) | H178: =TRIM(RIGHT(B178,LEN(B178)-FIND(" ",B178,1))) | I178: =_xlfn.XLOOKUP(Table2[[#This Row],[Type]],Table5[Type],Table5[Type2]) | J178: =_xlfn.XLOOKUP(Table2[[#This Row],[Sym]],Zones!$A$2:$A$21,Zones!$B$2:$B$21)
A179: 1306 | B179: T110 Bắc Sông Cấm 2 | C179: TBA 110kV Bắc Sông Cấm 2 | D179: B2 | F179: =IF(E179<>"","Đã VH","Quy hoạch điện VIII") | G179: =LEFT(B179,FIND(" ",B179,1)-1) | H179: =TRIM(RIGHT(B179,LEN(B179)-FIND(" ",B179,1))) | I179: =_xlfn.XLOOKUP(Table2[[#This Row],[Type]],Table5[Type],Table5[Type2]) | J179: =_xlfn.XLOOKUP(Table2[[#This Row],[Sym]],Zones!$A$2:$A$21,Zones!$B$2:$B$21)
A180: 1307 | B180: T110 KCN An Hòa | C180: TBA 110kV KCN An Hòa | D180: B2 | F180: =IF(E180<>"","Đã VH","Quy hoạch điện VIII") | G180: =LEFT(B180,FIND(" ",B180,1)-1) | H180: =TRIM(RIGHT(B180,LEN(B180)-FIND(" ",B180,1))) | I180: =_xlfn.XLOOKUP(Table2[[#This Row],[Type]],Table5[Type],Table5[Type2]) | J180: =_xlfn.XLOOKUP(Table2[[#This Row],[Sym]],Zones!$A$2:$A$21,Zones!$B$2:$B$21)
A181: 1308 | B181: T110 Nam Đình Vũ 2 | C181: TBA 110kV Nam Đình Vũ 2 | D181: B2 | E181: E2.42 | F181: =IF(E181<>"","Đã VH","Quy hoạch điện VIII") | G181: =LEFT(B181,FIND(" ",B181,1)-1) | H181: =TRIM(RIGHT(B181,LEN(B181)-FIND(" ",B181,1))) | I181: =_xlfn.XLOOKUP(Table2[[#This Row],[Type]],Table5[Type],Table5[Type2]) | J181: =_xlfn.XLOOKUP(Table2[[#This Row],[Sym]],Zones!$A$2:$A$21,Zones!$B$2:$B$21)
A182: 1309 | B182: T110 Đoàn Xá | C182: TBA 110kV Đoàn Xá | D182: B2 | F182: =IF(E182<>"","Đã VH","Quy hoạch điện VIII") | G182: =LEFT(B182,FIND(" ",B182,1)-1) | H182: =TRIM(RIGHT(B182,LEN(B182)-FIND(" ",B182,1))) | I182: =_xlfn.XLOOKUP(Table2[[#This Row],[Type]],Table5[Type],Table5[Type2]) | J182: =_xlfn.XLOOKUP(Table2[[#This Row],[Sym]],Zones!$A$2:$A$21,Zones!$B$2:$B$21)
A183: 1310 | B183: T110 Dương Kinh | C183: TBA 110kV Dương Kinh | D183: B2 | F183: =IF(E183<>"","Đã VH","Quy hoạch điện VIII") | G183: =LEFT(B183,FIND(" ",B183,1)-1) | H183: =TRIM(RIGHT(B183,LEN(B183)-FIND(" ",B183,1))) | I183: =_xlfn.XLOOKUP(Table2[[#This Row],[Type]],Table5[Type],Table5[Type2]) | J183: =_xlfn.XLOOKUP(Table2[[#This Row],[Sym]],Zones!$A$2:$A$21,Zones!$B$2:$B$21)
A184: 1311 | B184: T500 Hải Phòng | C184: TBA 500kV Hải Phòng | D184: B2 | F184: =IF(E184<>"","Đã VH","Quy hoạch điện VIII") | G184: =LEFT(B184,FIND(" ",B184,1)-1) | H184: =TRIM(RIGHT(B184,LEN(B184)-FIND(" ",B184,1))) | I184: =_xlfn.XLOOKUP(Table2[[#This Row],[Type]],Table5[Type],Table5[Type2]) | J184: =_xlfn.XLOOKUP(Table2[[#This Row],[Sym]],Zones!$A$2:$A$21,Zones!$B$2:$B$21)
...
